Name,Location,Started,Updated,Acres burned,% contained
Buck Hill 24 Fire,"Norfolk, MA","April 27, 2024 12:15 PM PDT","September 12, 2024 12:28 PM PDT",39,Not available
Tucker Hill Fire,"Norfolk, MA","April 28, 2024 12:15 PM PDT","September 12, 2024 12:30 PM PDT",6,Not available
Pioneer Fire,"Chelan, WA","June 8, 2024 12:48 PM PDT","September 6, 2024 6:30 PM PDT",38730,23
Beam Road Fire,"Yakima, WA","June 15, 2024 12:22 PM PDT","June 17, 2024 11:03 AM PDT",8542,100
South Fork Fire,"Otero, NM","June 17, 2024 8:07 AM PDT","July 6, 2024 9:37 AM PDT",17569,100
Oak Ridge Fire,"Pueblo, CO","June 22, 2024 7:59 AM PDT","July 7, 2024 1:20 PM PDT",1310,100
Grizzly Fire,"Denali, AK","June 25, 2024 3:12 PM PDT","September 3, 2024 12:34 PM PDT",38806.52,0
American Fire,"Yukon-Koyukuk, AK","June 25, 2024 8:22 PM PDT","September 3, 2024 11:37 AM PDT",4836.1,0
East Toklat Fire,"Denali, AK","June 26, 2024 6:24 PM PDT","September 10, 2024 2:55 PM PDT",29611.8,Not available
Silver King Fire,"Piute, UT","July 5, 2024 12:11 PM PDT","July 25, 2024 1:30 PM PDT",18222,88
Shoofly Fire,"Chelan, WA","July 8, 2024 2:11 PM PDT","July 15, 2024 6:24 PM PDT",104,91
Deadman Fire,"Rosebud, MT","July 12, 2024 2:00 AM PDT","July 19, 2024 8:43 PM PDT",19982,100
Lone Rock Fire,"Gilliam, OR","July 13, 2024 4:24 PM PDT","August 4, 2024 4:19 AM PDT",137222,100
Four Mile Fire,"Big Horn, MT","July 13, 2024 11:06 AM PDT","July 18, 2024 4:31 AM PDT",2082,100
Prairie Fire,"Rosebud, MT","July 12, 2024 1:32 PM PDT","July 18, 2024 4:31 AM PDT",6540,100
Long Fire,"Tulare, CA","July 15, 2024 2:30 PM PDT","August 17, 2024 12:27 PM PDT",9204,97
Cougar Creek Fire,"Asotin, WA","July 15, 2024 6:30 PM PDT","August 13, 2024 10:53 AM PDT",24091,100
Durkee Fire,"Baker, OR","July 17, 2024 8:57 AM PDT","August 4, 2024 3:29 PM PDT",294265,100
Trail Fire,"Douglas, OR","July 16, 2024 7:39 PM PDT","August 30, 2024 5:30 AM PDT",841.73,100
Ore Fire,"Lane, OR","July 17, 2024 9:55 AM PDT","September 10, 2024 7:58 AM PDT",3461,44
Middle Fork Fire,"Klamath, OR","July 17, 2024 2:55 PM PDT","September 8, 2024 9:01 PM PDT",5286,70
Sentinel Fire,"Fresno, CA","July 14, 2024 9:10 AM PDT","August 8, 2024 11:52 AM PDT",282,90
Nf Owens Fire,"Umatilla, OR","July 17, 2024 3:27 PM PDT","August 10, 2024 2:20 AM PDT",4484,90
Easy Fire,"Skagit, WA","July 17, 2024 7:55 PM PDT","August 23, 2024 5:24 AM PDT",2130,39
Snake Fire,"Umatilla, OR","July 17, 2024 4:00 PM PDT","July 22, 2024 2:49 PM PDT",13557,100
Lane 1 Fire,"Lane, OR","July 17, 2024 3:10 PM PDT","September 10, 2024 7:28 AM PDT",25951,99
Boneyard Fire,"Grant, OR","July 17, 2024 3:42 PM PDT","July 24, 2024 12:43 PM PDT",49716,100
Red Fire,"Klamath, OR","July 17, 2024 10:35 AM PDT","September 11, 2024 4:56 AM PDT",1732,0
Pine Bench Fire,"Douglas, OR","July 16, 2024 8:48 PM PDT","August 31, 2024 10:07 AM PDT",3976.07,66
Monkey Creek Fire,"Morrow, OR","July 18, 2024 3:13 PM PDT","August 15, 2024 12:46 PM PDT",115269,48
Trep Fire,"Douglas, OR","July 19, 2024 1:50 PM PDT","August 30, 2024 5:31 AM PDT",542.42,100
Clearwater Fire,"Douglas, OR","July 16, 2024 8:23 PM PDT","August 30, 2024 5:30 AM PDT",0.65,100
Happy Fire,"Fresno, CA","July 16, 2024 9:18 AM PDT","September 12, 2024 12:26 PM PDT",588,50
Garwood Fire,"Douglas, OR","July 17, 2024 2:54 PM PDT","August 30, 2024 5:30 AM PDT",5.95,100
Pyramid Fire,"Linn, OR","July 17, 2024 12:26 PM PDT","August 29, 2024 7:43 PM PDT",1312,98
Ooya Fire,"Douglas, OR","July 17, 2024 1:18 PM PDT","August 30, 2024 5:30 AM PDT",372.67,100
Potter Fire,"Douglas, OR","July 16, 2024 8:44 PM PDT","August 30, 2024 5:31 AM PDT",3427.66,76
Horse Heaven Creek Fire,"Lane, OR","July 17, 2024 3:28 PM PDT","September 12, 2024 7:27 PM PDT",2715,56
Maple Fire,"Douglas, OR","July 19, 2024 8:45 AM PDT","August 16, 2024 9:26 AM PDT",11141.58,86
Whisky Creek Fire,"Hood River, OR","July 20, 2024 11:01 AM PDT","September 11, 2024 6:20 AM PDT",3047,25
Reynolds Butte Fire,"Douglas, OR","July 19, 2024 11:21 AM PDT","September 10, 2024 7:31 AM PDT",334,100
No Man Fire,"Lane, OR","July 18, 2024 12:09 PM PDT","September 10, 2024 7:31 AM PDT",2089,44
Fuller Lake Fire,"Douglas, OR","July 17, 2024 7:06 AM PDT","September 10, 2024 7:31 AM PDT",3516,0
Salmon 33 Fire,"Lane, OR","July 17, 2024 10:36 AM PDT","September 10, 2024 7:33 AM PDT",275,100
Chalk Fire,"Lane, OR","July 17, 2024 11:36 AM PDT","September 11, 2024 11:49 AM PDT",5987,86
Moss Mountain Fire,"Lane, OR","July 17, 2024 12:52 PM PDT","September 11, 2024 5:12 AM PDT",2133,8
Rookery Fire,"Baldwin, AL","July 17, 2024 12:41 PM PDT","July 23, 2024 9:03 AM PDT",225,95
Coffee Pot Fire,"Lane, OR","July 21, 2024 3:57 AM PDT","September 13, 2024 9:25 AM PDT",6187,100
Mckinley Creek Fire,"Lane, OR","July 17, 2024 8:40 AM PDT","September 11, 2024 11:49 AM PDT",24,100
208 Mf Fire,"Lane, OR","July 17, 2024 11:59 AM PDT","September 11, 2024 5:05 AM PDT",8843,0
Tire Mountain Fire,"Lane, OR","July 17, 2024 11:51 AM PDT","September 11, 2024 11:49 AM PDT",23,100
Clearwater Fire,"Park, WY","July 19, 2024 3:30 PM PDT","August 16, 2024 2:26 PM PDT",1966,93
Elephant Fire,"Douglas, OR","July 23, 2024 11:36 AM PDT","August 30, 2024 5:30 AM PDT",0.74,100
Lost Fire,"Douglas, OR","July 16, 2024 7:19 PM PDT","August 30, 2024 5:31 AM PDT",60.91,100
Pincer Two Fire,"Skagit, WA","July 18, 2024 4:09 PM PDT","August 30, 2024 7:17 AM PDT",211,0
Crazy Creek Fire,"Crook, OR","July 22, 2024 11:07 AM PDT","September 8, 2024 11:20 AM PDT",86968,95
West Crooked Fire,"Idaho, ID","July 5, 2024 3:32 PM PDT","August 29, 2024 1:51 PM PDT",142,0
Borel Fire,"Kern, CA","July 24, 2024 12:59 PM PDT","August 6, 2024 8:56 PM PDT",59288,95
Thin Fire,"Douglas, OR","July 24, 2024 3:15 PM PDT","August 30, 2024 5:30 AM PDT",0.63,100
Sheep Fire,"Douglas, OR","July 23, 2024 6:51 PM PDT","August 30, 2024 5:30 AM PDT",0.33,100
Park Fire,"Butte, CA","July 24, 2024 2:52 PM PDT","August 24, 2024 11:56 AM PDT",429603,99
Wolf Creek Fire,"Adams, ID","July 24, 2024 5:51 PM PDT","September 1, 2024 4:36 AM PDT",1154,100
Mowich Fire,"Douglas, OR","July 25, 2024 4:16 PM PDT","August 30, 2024 5:30 AM PDT",0.36,100
Birds Fire,"Douglas, OR","July 25, 2024 4:09 PM PDT","August 30, 2024 5:30 AM PDT",0.13,100
Bullpup Fire,"Lane, OR","July 19, 2024 1:55 PM PDT","July 26, 2024 4:25 AM PDT",9483,31
Parasol Fire,"Grant, OR","July 24, 2024 8:37 PM PDT","August 22, 2024 1:35 PM PDT",485,100
Muir Creek Fire,"Flathead, MT","July 23, 2024 8:48 PM PDT","July 30, 2024 9:22 AM PDT",30,0
Sawmill Fire,"Kern, CA","July 26, 2024 9:52 PM PDT","July 27, 2024 7:24 AM PDT",10,Not available
Dominion Point Fire,"Shoshone, ID","July 25, 2024 3:46 PM PDT","July 31, 2024 7:21 PM PDT",275,0
East Fork Fire,"Shoshone, ID","July 25, 2024 5:03 AM PDT","July 31, 2024 7:21 PM PDT",25,100
Junction Fire,"Shoshone, ID","July 25, 2024 9:46 AM PDT","August 2, 2024 8:48 PM PDT",130,100
Grouse Fire,"Beaverhead, MT","July 25, 2024 4:10 PM PDT","September 6, 2024 5:03 AM PDT",6000,22
Canal Fire,"Douglas, OR","July 28, 2024 1:54 PM PDT","August 30, 2024 5:30 AM PDT",1.02,100
Toolbox Fire,"Douglas, OR","July 28, 2024 1:45 PM PDT","August 30, 2024 5:30 AM PDT",0.11,100
Buffalo Fire,"Shoshone, ID","July 26, 2024 9:36 PM PDT","July 31, 2024 6:48 PM PDT",2,100
Poison Creek Fire,"Grant, OR","July 25, 2024 3:04 PM PDT","August 22, 2024 1:35 PM PDT",1060,100
Wapiti Fire,"Boise, ID","July 24, 2024 7:58 PM PDT","September 12, 2024 12:34 PM PDT",125429,12
Johnson Fire,"Ravalli, MT","July 25, 2024 4:24 PM PDT","September 12, 2024 4:02 PM PDT",6662,25
Deer Fire,"Custer, ID","July 25, 2024 1:03 PM PDT","July 30, 2024 4:45 PM PDT",54,95
Broom Canyon Fire,"Nye, NV","July 29, 2024 8:00 PM PDT","September 12, 2024 6:16 AM PDT",8232,15
Wye Fire,"Idaho, ID","July 25, 2024 10:01 AM PDT","September 10, 2024 12:39 PM PDT",12857,0
Railroad Fire,"Ravalli, MT","July 25, 2024 7:59 AM PDT","September 11, 2024 3:17 AM PDT",939,6
Anchor Fire,"Idaho, ID","July 28, 2024 11:49 AM PDT","September 10, 2024 4:19 AM PDT",1811,50
Ace Butte Fire,"Idaho, ID","July 24, 2024 5:44 PM PDT","September 10, 2024 4:19 AM PDT",1862,48
Skeleton Fire,"Yavapai, AZ","August 3, 2024 3:07 PM PDT","August 8, 2024 7:01 PM PDT",24034,100
Miners Fire,"Snohomish, WA","July 17, 2024 6:39 PM PDT","August 5, 2024 8:25 AM PDT",1098,0
Dolly Creek Fire,"Snohomish, WA","July 18, 2024 7:57 AM PDT","August 8, 2024 6:24 PM PDT",0.1,0
Middle Ridge Fire,"Snohomish, WA","July 28, 2024 12:21 PM PDT","August 8, 2024 6:07 PM PDT",0.1,0
Plummer Mountain Fire,"Snohomish, WA","July 20, 2024 6:23 PM PDT","August 5, 2024 8:25 AM PDT",0.1,0
Sulphur Three Fire,"Snohomish, WA","July 18, 2024 7:49 AM PDT","August 8, 2024 6:24 PM PDT",0.1,0
Sulphur Four Fire,"Snohomish, WA","July 18, 2024 3:49 PM PDT","August 8, 2024 6:24 PM PDT",0.1,0
Williams Mine Fire,"Skamania, WA","August 5, 2024 12:03 PM PDT","September 10, 2024 3:50 AM PDT",13089,31
Sandstone Fire,"Clackamas, OR","August 5, 2024 2:59 PM PDT","August 28, 2024 4:15 AM PDT",702,75
Ladue River Fire,"Southeast Fairbanks, AK","July 22, 2024 5:27 PM PDT","September 3, 2024 1:13 PM PDT",19981.7,Not available
Dollar Fire,"Valley, ID","August 5, 2024 5:57 PM PDT","September 11, 2024 9:19 AM PDT",4338,8
Snag Fire,"Valley, ID","August 5, 2024 4:22 PM PDT","September 11, 2024 8:25 AM PDT",33244,15
Warner Peak Fire,"Lake, OR","August 5, 2024 5:05 PM PDT","August 18, 2024 3:43 PM PDT",65866,100
Nellie Fire,"Boise, ID","August 6, 2024 8:35 AM PDT","September 11, 2024 6:49 AM PDT",48065,0
Elkhorn Ridge Fire,"Idaho, ID","August 6, 2024 5:41 PM PDT","September 10, 2024 9:14 AM PDT",3140,0
Bulldog Fire,"Boise, ID","August 5, 2024 4:02 PM PDT","September 11, 2024 3:56 AM PDT",11217,0
Anderson Fire,"Boise, ID","August 5, 2024 3:16 PM PDT","August 12, 2024 4:04 AM PDT",1877,100
Echo Fire,"Mariposa, CA","August 3, 2024 9:59 AM PDT","September 10, 2024 5:53 PM PDT",24.8,0
Farrow Fire,"Idaho, ID","August 5, 2024 7:00 PM PDT","September 13, 2024 7:14 AM PDT",535,0
Boise Fire,"Humboldt, CA","August 9, 2024 8:50 AM PDT","September 4, 2024 4:32 PM PDT",12929,91
Ruby Fire,"Whatcom, WA","August 9, 2024 7:20 AM PDT","September 7, 2024 6:27 AM PDT",1300,0
Goat Fire,"Valley, ID","August 5, 2024 4:37 PM PDT","September 13, 2024 11:43 AM PDT",25648,0
Coffee Pot Fire,"Tulare, CA","August 3, 2024 8:05 AM PDT","September 13, 2024 8:19 AM PDT",14071,53
Square Lake Fire,"Idaho, ID","August 10, 2024 7:34 PM PDT","August 18, 2024 10:54 AM PDT",5240,Not available
Cracker Jack Complex Fire,"Idaho, ID","August 12, 2024 12:49 PM PDT","September 10, 2024 4:40 PM PDT",5240.3,0
Fish Creek Fire,"Teton, WY","August 16, 2024 12:52 PM PDT","September 11, 2024 10:09 AM PDT",24904,69
Boulder Peak Fire,"Ravalli, MT","July 30, 2024 6:33 AM PDT","August 27, 2024 1:58 PM PDT",136,0
Twin Knobs Fire,"Douglas, OR","August 17, 2024 1:18 PM PDT","August 30, 2024 5:31 AM PDT",0.42,100
Ratio Mountain Fire,"Jefferson, MT","August 18, 2024 3:44 PM PDT","September 11, 2024 1:15 PM PDT",1226,85
Loop Fire,"Douglas, OR","August 18, 2024 6:06 PM PDT","August 30, 2024 5:31 AM PDT",1.72,100
House Draw Fire,"Johnson, WY","August 21, 2024 9:21 AM PDT","August 30, 2024 5:49 PM PDT",174547,95
Prospect Fire,"Idaho, ID","August 12, 2024 8:06 AM PDT","September 10, 2024 9:18 AM PDT",2937,0
Flat Rock Fire,"Campbell, WY","August 21, 2024 5:13 PM PDT","August 27, 2024 3:19 PM PDT",52421,97
Remington Fire,"Sheridan, WY","August 22, 2024 7:07 AM PDT","September 2, 2024 1:11 PM PDT",196368,88
Sharrott Creek Fire,"Ravalli, MT","August 23, 2024 2:47 PM PDT","September 11, 2024 2:57 AM PDT",3204,60
Constitution Fire,"Campbell, WY","August 21, 2024 4:41 PM PDT","September 1, 2024 5:19 PM PDT",24630,95
Mcelwain Fire,"Powell, MT","August 23, 2024 11:42 AM PDT","August 29, 2024 11:53 AM PDT",116,75
Big Hollow Fire,"Beaverhead, MT","August 23, 2024 12:58 PM PDT","August 29, 2024 3:25 PM PDT",3450,100
Fish Fire,"Douglas, OR","August 23, 2024 11:16 AM PDT","August 30, 2024 5:31 AM PDT",0.12,100
Kern Fire,"Garfield, MT","August 25, 2024 12:41 PM PDT","August 26, 2024 7:56 AM PDT",20,Not available
Monument Fire,"Idaho, ID","August 19, 2024 4:34 PM PDT","September 10, 2024 12:38 PM PDT",534,0
Daly Fire,"Ravalli, MT","August 18, 2024 1:37 PM PDT","September 11, 2024 3:12 AM PDT",6721,6
Parks Fire,"Idaho, ID","August 11, 2024 8:15 AM PDT","September 9, 2024 10:07 PM PDT",4899,0
Burnt Creek Fire,"Valley, ID","August 19, 2024 6:40 AM PDT","September 5, 2024 9:31 AM PDT",2665,0
Magruder Ridge Fire,"Idaho, ID","August 19, 2024 3:34 PM PDT","September 10, 2024 8:58 AM PDT",3586,0
Halfway Fire,"Idaho, ID","August 25, 2024 2:09 PM PDT","September 10, 2024 12:38 PM PDT",1365,0
Log Fire,"Idaho, ID","July 31, 2024 2:03 PM PDT","September 10, 2024 12:38 PM PDT",5,0
Copperfield Fire,"Klamath, OR","September 1, 2024 2:53 PM PDT","September 5, 2024 9:00 PM PDT",3822,96
Cellar Ii Fire,"Yavapai, AZ","August 28, 2024 12:32 PM PDT","September 5, 2024 7:35 PM PDT",327,90
Long Gulch Fire,"Yavapai, AZ","August 31, 2024 10:21 AM PDT","September 10, 2024 8:55 AM PDT",1100,75
Shoe Fly Fire,"Wheeler, OR","September 2, 2024 4:22 AM PDT","September 11, 2024 9:40 PM PDT",26774,65
Bear Fire,"Sierra, CA","September 2, 2024 2:09 PM PDT","September 5, 2024 5:23 PM PDT",3323,83
Rail Ridge Fire,"Grant, OR","September 2, 2024 3:05 AM PDT","September 12, 2024 10:54 PM PDT",161675,18
West Fire,"Gila, AZ","August 28, 2024 6:11 PM PDT","September 12, 2024 10:26 PM PDT",1566,0
Rennie Creek Fire,"Chelan, WA","August 17, 2024 2:35 PM PDT","September 6, 2024 3:45 PM PDT",3,Not available
Hawley Ridge Fire,"Crook, OR","September 2, 2024 6:40 PM PDT","September 7, 2024 8:26 PM PDT",200,Not available
Chimney Fire,"Camas, ID","September 2, 2024 11:57 AM PDT","September 12, 2024 10:11 PM PDT",6475,10
Red Mountain Fire,"Skagit, WA","July 18, 2024 3:54 PM PDT","September 6, 2024 5:00 AM PDT",0.1,Not available
Wiley Flat Fire,"Crook, OR","September 2, 2024 8:03 AM PDT","September 13, 2024 8:11 AM PDT",29904,58
Oak Canyon Fire,"Wasco, OR","September 2, 2024 8:50 AM PDT","September 6, 2024 2:16 PM PDT",15170,100
Wood Fire,"Pinal, AZ","September 1, 2024 1:07 PM PDT","September 5, 2024 4:26 PM PDT",7211,85
Black Eagle Fire,"Lemhi, ID","August 5, 2024 5:35 PM PDT","September 11, 2024 4:34 AM PDT",5914,0
Red Rock Fire,"Lemhi, ID","September 2, 2024 2:45 PM PDT","September 11, 2024 3:11 PM PDT",2570,0
Boone Fire,"Fresno, CA","September 3, 2024 12:10 PM PDT","September 11, 2024 11:24 AM PDT",17600,95
Cleopatra Fire,"Moffat, CO","September 3, 2024 2:52 PM PDT","September 4, 2024 4:12 PM PDT",7.5,0
Two Cabin Fire,"Grant, OR","September 3, 2024 1:41 PM PDT","September 10, 2024 7:05 AM PDT",253,10
Crimson Fire,"Idaho, ID","August 7, 2024 3:46 PM PDT","September 10, 2024 1:14 PM PDT",661,0
Goat Creek Fire,"Idaho, ID","August 21, 2024 3:27 PM PDT","September 10, 2024 1:14 PM PDT",856,0
Lonesome Fire,"Idaho, ID","August 19, 2024 2:00 PM PDT","September 10, 2024 1:14 PM PDT",260,0
Vanity Fire,"Custer, ID","September 3, 2024 6:28 AM PDT","September 5, 2024 8:37 AM PDT",552,30
Huckleberry Ridge Fire,"Lewis, WA","September 4, 2024 3:47 PM PDT","September 13, 2024 8:09 AM PDT",301,52
Lava Fire,"Gem, ID","September 2, 2024 10:20 PM PDT","September 13, 2024 4:05 AM PDT",93751,6
Preacher Fire,"Gila, AZ","August 29, 2024 7:01 AM PDT","September 12, 2024 10:24 PM PDT",3167,0
Milepost 98 Fire,"Douglas, OR","September 5, 2024 5:13 PM PDT","September 11, 2024 12:52 PM PDT",250,27
Devils Knob Fire,"Douglas, OR","September 5, 2024 1:58 PM PDT","September 12, 2024 4:40 PM PDT",4130,15
Kinzua Fire,"Wheeler, OR","September 5, 2024 4:43 PM PDT","September 10, 2024 7:05 AM PDT",96,0
Canyon Fire,"Morrow, OR","September 5, 2024 1:27 PM PDT","September 10, 2024 7:05 AM PDT",192,0
Holmes Fire,"Wheeler, OR","September 4, 2024 3:18 PM PDT","September 10, 2024 7:05 AM PDT",20,0
Sunbowl Unit 1 Rx Fire,"Bayfield, WI","September 3, 2024 7:09 AM PDT","September 6, 2024 11:54 AM PDT",53,Not available
Mcdermott Fire,"Granite, MT","August 26, 2024 9:42 AM PDT","September 12, 2024 11:45 AM PDT",427,0
Copper Fire,"Valley, ID","September 2, 2024 3:35 PM PDT","September 13, 2024 7:24 AM PDT",1796,0
Service Fire,"Wheeler, OR","September 6, 2024 4:49 PM PDT","September 13, 2024 7:20 AM PDT",23518,0
Twin Knobs 2 Fire,"Douglas, OR","September 6, 2024 2:13 PM PDT","September 6, 2024 8:16 PM PDT",0.26,100
Line Fire,"San Bernardino, CA","September 5, 2024 6:00 PM PDT","September 13, 2024 11:23 AM PDT",37743,21
Battery Fire,"Oglala Lakota, SD","September 3, 2024 5:00 PM PDT","September 7, 2024 5:55 PM PDT",132.1,Not available
Blewett Fire,"Kittitas, WA","September 4, 2024 2:23 PM PDT","September 7, 2024 2:51 PM PDT",15,99
Linton Creek Fire,"Lane, OR","September 6, 2024 9:13 PM PDT","September 11, 2024 10:16 AM PDT",1288,0
Firestone Fire,"Deschutes, OR","September 6, 2024 7:23 PM PDT","September 11, 2024 6:24 AM PDT",8787,0
Flat Top Fire,"Lake, OR","September 6, 2024 6:57 PM PDT","September 11, 2024 6:24 AM PDT",30643,0
Davis Fire,"Washoe, NV","September 7, 2024 2:19 PM PDT","September 13, 2024 10:00 AM PDT",5824,56
Little Lava Fire,"Deschutes, OR","September 7, 2024 5:16 PM PDT","September 11, 2024 11:12 AM PDT",9848,Not available
Backside Fire,"Deschutes, OR","September 7, 2024 8:19 AM PDT","September 11, 2024 11:12 AM PDT",83,0
Bowman Well Fire,"Lake, OR","September 6, 2024 7:50 PM PDT","September 11, 2024 12:28 PM PDT",2853,85
Pettibone Ridge Fire,"Idaho, ID","September 4, 2024 4:06 PM PDT","September 10, 2024 1:14 PM PDT",6,0
Otter Fire,"Idaho, ID","July 29, 2024 4:08 PM PDT","September 8, 2024 10:05 AM PDT",8,0
Twin Butte 2 Fire,"Idaho, ID","August 17, 2024 9:27 AM PDT","September 10, 2024 1:14 PM PDT",33,0
Doe Fire,"Idaho, ID","August 17, 2024 2:07 PM PDT","September 10, 2024 1:14 PM PDT",12,0
Meek Fire,"Idaho, ID","August 12, 2024 6:38 PM PDT","September 10, 2024 1:14 PM PDT",4,0
Roll Tide Fire,"Idaho, ID","July 28, 2024 4:20 PM PDT","September 8, 2024 10:05 AM PDT",8,0
Surprise Fire,"Idaho, ID","August 22, 2024 8:56 AM PDT","September 10, 2024 12:49 PM PDT",792,0
Boulder Creek Fire,"Lane, OR","September 7, 2024 11:02 AM PDT","September 11, 2024 11:07 AM PDT",501,0
Coxey Hole Fire,"Valley, ID","September 2, 2024 3:42 PM PDT","September 10, 2024 7:12 AM PDT",30,0
Cotton Fire,"Idaho, ID","September 6, 2024 9:41 AM PDT","September 10, 2024 7:23 AM PDT",15,0
Swauk Creek Fire,"Kittitas, WA","September 8, 2024 3:54 PM PDT","September 13, 2024 11:09 AM PDT",328,9
Hiyu Fire,"Lane, OR","September 6, 2024 5:51 PM PDT","September 11, 2024 6:00 AM PDT",69,Not available
Young Grasshopper Fire,"Lane, OR","September 6, 2024 5:14 PM PDT","September 11, 2024 5:52 AM PDT",1200,0
Lowell Creek Fire,"Lane, OR","September 6, 2024 8:50 PM PDT","September 11, 2024 6:00 AM PDT",72,Not available
Grassy Creek Fire,"Lane, OR","September 6, 2024 7:39 PM PDT","September 11, 2024 6:00 AM PDT",40,Not available
Logan Fire,"Valley, ID","September 8, 2024 10:07 PM PDT","September 11, 2024 6:38 AM PDT",200,0
Profile Fire,"Valley, ID","September 9, 2024 8:48 AM PDT","September 10, 2024 7:51 AM PDT",20,0
Roblar Fire,"San Diego, CA","September 7, 2024 2:03 PM PDT","September 9, 2024 4:40 PM PDT",950,100
Buck Creek Fire,"Lake, OR","September 7, 2024 8:59 AM PDT","September 13, 2024 4:53 AM PDT",5062,0
Bridge Fire,"Los Angeles, CA","September 8, 2024 2:12 PM PDT","September 12, 2024 9:19 PM PDT",51884,3
Airport Fire,"Orange, CA","September 9, 2024 1:00 PM PDT","September 13, 2024 7:54 AM PDT",23410,8
374 Mr Fire,"Lane, OR","September 7, 2024 11:21 AM PDT","September 11, 2024 1:03 PM PDT",55,0
Wilkerson Fire,"Idaho, ID","September 5, 2024 7:56 AM PDT","September 10, 2024 9:29 AM PDT",250,1
Pettibone Fire,"Idaho, ID","August 8, 2024 12:40 PM PDT","September 10, 2024 1:14 PM PDT",1,0
Patrol Point Fire,"Idaho, ID","September 3, 2024 1:16 PM PDT","September 10, 2024 1:14 PM PDT",1,0
Archer Mt Fire,"Idaho, ID","August 23, 2024 2:56 PM PDT","September 10, 2024 1:14 PM PDT",0.4,0
Sumac Fire,"Todd, SD","September 8, 2024 10:48 PM PDT","September 10, 2024 2:13 PM PDT",5,Not available
Frog Fire,"Custer, ID","September 7, 2024 1:23 PM PDT","September 13, 2024 7:54 AM PDT",2500,0
0911 Nw Fire,"Deschutes, OR","September 8, 2024 11:58 AM PDT","September 11, 2024 11:12 AM PDT",13,Not available
0913 Nw Fire,"Deschutes, OR","September 8, 2024 1:30 PM PDT","September 11, 2024 11:12 AM PDT",97,Not available
0857 Nw Fire,"Deschutes, OR","September 6, 2024 10:43 PM PDT","September 11, 2024 11:12 AM PDT",0.23,Not available
890 Nw Fire,"Deschutes, OR","September 7, 2024 12:05 PM PDT","September 11, 2024 7:26 AM PDT",0.1,Not available
892 Nw Fire,"Deschutes, OR","September 7, 2024 1:13 PM PDT","September 11, 2024 11:12 AM PDT",286,Not available
0846 Nw Fire,"Deschutes, OR","September 6, 2024 7:10 PM PDT","September 11, 2024 7:26 AM PDT",0.1,Not available
0887 Nw Fire,"Deschutes, OR","September 7, 2024 11:16 AM PDT","September 11, 2024 11:12 AM PDT",0.16,Not available
0885 Nw Fire,"Deschutes, OR","September 7, 2024 11:15 AM PDT","September 11, 2024 11:12 AM PDT",1.25,Not available
Point Fire,"Maricopa, AZ","September 10, 2024 2:00 PM PDT","September 13, 2024 12:29 PM PDT",5200,0
Hazelton Fire,"Washakie, WY","September 10, 2024 11:49 AM PDT","September 11, 2024 10:11 AM PDT",65,Not available
Wood Lake Fire,"Lake, MN","September 10, 2024 9:40 AM PDT","September 13, 2024 10:58 AM PDT",16,Not available
Neis Fire Fire,"Todd, SD","September 9, 2024 2:00 PM PDT","September 11, 2024 1:00 PM PDT",50,Not available
Sage Hen Fire,"Harney, OR","September 2, 2024 5:20 PM PDT","September 13, 2024 11:27 AM PDT",6250,90
Iron Block Fire,"Todd, SD","September 11, 2024 2:02 PM PDT","September 11, 2024 3:23 PM PDT",3.5,Not available
Poison Spider Fire,"Natrona, WY","September 11, 2024 2:29 PM PDT","September 11, 2024 4:53 PM PDT",44.5,Not available
Siphon Fire,"Pinal, AZ","September 10, 2024 12:59 PM PDT","September 11, 2024 6:25 PM PDT",12000,0
Short Draw Fire,"Campbell, WY","September 11, 2024 12:57 PM PDT","September 12, 2024 3:01 PM PDT",40000,0
French Creek Fire,"Okanogan, WA","September 11, 2024 4:42 PM PDT","September 12, 2024 8:55 AM PDT",29,Not available
Hancock Hill 2 Fire,"Norfolk, MA","September 3, 2024 7:00 AM PDT","September 12, 2024 11:59 AM PDT",0.54,Not available
Fd040039 Fire,"Norfolk, MA","September 1, 2024 7:00 AM PDT","September 12, 2024 12:07 PM PDT",0.4,Not available
Snowy Owl Fire,"Norfolk, MA","September 7, 2024 12:00 PM PDT","September 12, 2024 12:09 PM PDT",1.01,Not available
Campfire Fire,"Norfolk, MA","September 7, 2024 1:30 PM PDT","September 12, 2024 12:31 PM PDT",0.5,Not available
Solomon Fire,"Harney, OR","September 2, 2024 3:27 PM PDT","September 12, 2024 12:59 PM PDT",2600,100
Goffs Fire,"San Bernardino, CA","August 10, 2024 7:05 PM PDT","September 10, 2024 11:16 AM PDT",0.1,Not available
Burlington Fire,"San Bernardino, CA","September 8, 2024 1:18 PM PDT","September 10, 2024 2:04 PM PDT",0.1,Not available
Hemi Fire,"Dawes, NE","September 12, 2024 2:19 PM PDT","September 12, 2024 5:13 PM PDT",10,Not available
Rudd Creek Fire,"Davis, UT","September 10, 2024 8:33 PM PDT","September 13, 2024 9:33 AM PDT",20,0
La Bonte Fire,"Converse, WY","September 12, 2024 12:58 PM PDT","September 13, 2024 11:03 AM PDT",4.5,Not available
Tschuddi Fire,"Rio Blanco, CO","September 11, 2024 4:51 PM PDT","September 13, 2024 11:20 AM PDT",63,Not available
Beury Mtn Fire Fire,"Fayette, WV","September 12, 2024 9:16 AM PDT","September 13, 2024 12:13 PM PDT",NA,Not available
Wolverine Fire,"Park, WY","September 11, 2024 9:04 AM PDT","September 13, 2024 12:38 PM PDT",0.8,Not available
2024 SQF Lightning Complex,"Kern, Tulare, CA","July 13, 2024 5:34 AM PDT","September 9, 2024 7:37 AM PDT",33026,98
Tenaja Fire,"Riverside, CA","August 25, 2024 4:48 AM PDT","September 10, 2024 7:22 AM PDT",130,100
Dorado Fire,"Fresno, CA","September 5, 2024 10:01 AM PDT","September 6, 2024 1:21 PM PDT",502,100
Boyles Fire,"Lake, CA","September 8, 2024 7:45 AM PDT","September 11, 2024 1:38 PM PDT",81,100
Crozier Fire,"El Dorado, CA","September 9, 2024 2:12 AM PDT","September 11, 2024 8:59 AM PDT",1960,100
Wicklow Fire,"Amador, CA","September 9, 2024 6:15 AM PDT","September 11, 2024 1:39 PM PDT",63,100
Apollo Fire,"Los Angeles, CA","September 10, 2024 4:46 AM PDT","September 10, 2024 4:27 PM PDT",800,100
Kelso Fire,"Alameda, CA","September 10, 2024 10:55 AM PDT","September 12, 2024 8:53 AM PDT",22,100
Willow Fire,"Contra Costa, CA","September 11, 2024 6:19 AM PDT","September 11, 2024 10:47 AM PDT",62,85
Joshua Fire,"Los Angeles, CA","September 10, 2024 6:01 PM PDT","September 11, 2024 9:28 AM PDT",30,Not available
Alpaugh Fire,"Tulare, CA","September 11, 2024 8:13 AM PDT","September 11, 2024 10:53 AM PDT",18,Not available
Quincy Fire,"Butte, CA","September 12, 2024 6:13 AM PDT","September 13, 2024 3:00 AM PDT",85,50
